Company Name,Industry,Size,Signal (Hiring Role),Website,Observed Pain Point
ScaleRecruit,Recruitment,15,Operations Coordinator,https://scalerecruit.example,Manual candidate screening & data entry
LogicLogistics,Logistics,28,Process Analyst,https://logiclogistics.example,High volume of document processing/reporting
FinEdge SaaS,Fintech,42,SDR,https://finedge.example,Manual lead research and outreach
GlobalTalent,Recruitment,20,Admin Assistant,https://globaltalent.example,Repetitive scheduling & reporting
ShipRight,Logistics,35,Operations Manager,https://shipright.example,Supply chain visibility & manual tracking
TechServe,Managed Services,48,Support Lead,https://techserve.example,High ticket volume & manual CRM updates
Properly Real Estate,Real Estate,12,Operations Associate,https://properly.example,Manual listing management & lead follow-up
CompliancePro,Legal Tech,25,Customer Success,https://compliancepro.example,Manual onboarding & compliance checks
GrowthOps Agency,Marketing,18,Project Coordinator,https://growthops.example,Manual reporting across 10+ ad platforms
SecureFlow,Cybersecurity,30,BDR,https://secureflow.example,Lead enrichment & personalized outreach bottlenecks
